"Sanction Counts, Trend"
"All Districts"

"",,,"Year",,,,
"District","District Code","Sanction Type","2011-12","2012-13","2013-14","2014-15","2015-16"
"Achievement First Hartford Academy Inc. District","=""2880013""","In-School Suspension",701,1280,301,287,1225
"Achievement First Hartford Academy Inc. District","=""2880013""","Out-of-School Suspension",1102,1678,825,759,338
"Achievement First Hartford Academy Inc. District","=""2880013""","Expulsion","*","*",0,"*",11
"Achievement First Hartford Academy Inc. District","=""2880013""","Bus Suspension",0,"*","*",42,37
"Amistad Academy District","=""2790013""","In-School Suspension",385,1507,1287,835,492
"Amistad Academy District","=""2790013""","Out-of-School Suspension",99,205,549,472,366
"Amistad Academy District","=""2790013""","Expulsion",9,"*","*","*",8
"Amistad Academy District","=""2790013""","Bus Suspension",0,"*",41,26,"*"
"Andover School District","=""0010011""","In-School Suspension",0,0,0,"*","*"
"Andover School District","=""0010011""","Out-of-School Suspension","*","*","*","*",0
"Andover School District","=""0010011""","Expulsion",0,0,0,0,0
"Andover School District","=""0010011""","Bus Suspension",0,0,0,0,0
"Ansonia School District","=""0020011""","In-School Suspension",471,394,277,98,107
"Ansonia School District","=""0020011""","Out-of-School Suspension",184,245,240,190,253
"Ansonia School District","=""0020011""","Expulsion",7,9,14,14,8
"Ansonia School District","=""0020011""","Bus Suspension","*",0,0,0,0
"Area Cooperative Educational Services","=""2440014""","In-School Suspension",255,300,220,286,170
"Area Cooperative Educational Services","=""2440014""","Out-of-School Suspension",358,269,324,281,330
"Area Cooperative Educational Services","=""2440014""","Expulsion","*",0,0,0,0
"Area Cooperative Educational Services","=""2440014""","Bus Suspension",26,14,27,45,18
"Ashford School District","=""0030011""","In-School Suspension",14,30,13,26,12
"Ashford School District","=""0030011""","Out-of-School Suspension","*",6,"*","*","*"
"Ashford School District","=""0030011""","Expulsion",0,0,0,0,0
"Ashford School District","=""0030011""","Bus Suspension",13,"*","*",6,"*"
"Avon School District","=""0040011""","In-School Suspension",65,91,64,63,68
"Avon School District","=""0040011""","Out-of-School Suspension",26,23,34,23,32
"Avon School District","=""0040011""","Expulsion","*",0,"*","*","*"
"Avon School District","=""0040011""","Bus Suspension","*","*",0,"*","*"
"Barkhamsted School District","=""0050011""","In-School Suspension","*","*",6,6,0
"Barkhamsted School District","=""0050011""","Out-of-School Suspension",0,0,"*","*",0
"Barkhamsted School District","=""0050011""","Expulsion",0,0,0,0,0
"Barkhamsted School District","=""0050011""","Bus Suspension",0,0,"*",0,0
"Berlin School District","=""0070011""","In-School Suspension",391,251,198,159,133
"Berlin School District","=""0070011""","Out-of-School Suspension",54,51,44,30,14
"Berlin School District","=""0070011""","Expulsion","*","*",0,"*","*"
"Berlin School District","=""0070011""","Bus Suspension",0,"*",0,"*",0
"Bethany School District","=""0080011""","In-School Suspension","*","*","*","*","*"
"Bethany School District","=""0080011""","Out-of-School Suspension","*","*","*","*","*"
"Bethany School District","=""0080011""","Expulsion",0,0,0,0,0
"Bethany School District","=""0080011""","Bus Suspension",0,0,0,"*",0
"Bethel School District","=""0090011""","In-School Suspension",432,493,375,430,408
"Bethel School District","=""0090011""","Out-of-School Suspension",21,41,18,29,37
"Bethel School District","=""0090011""","Expulsion","*",10,"*",6,8
"Bethel School District","=""0090011""","Bus Suspension",8,13,"*",7,"*"
"Bloomfield School District","=""0110011""","In-School Suspension",362,354,374,296,331
"Bloomfield School District","=""0110011""","Out-of-School Suspension",232,233,239,229,226
"Bloomfield School District","=""0110011""","Expulsion","*",11,20,"*",13
"Bloomfield School District","=""0110011""","Bus Suspension",19,8,9,"*","*"
"Bolton School District","=""0120011""","In-School Suspension",16,15,40,52,57
"Bolton School District","=""0120011""","Out-of-School Suspension",26,25,9,29,10
"Bolton School District","=""0120011""","Expulsion",0,"*",0,"*",0
"Bolton School District","=""0120011""","Bus Suspension",0,0,0,"*","*"
"Booker T. Washington Academy District","=""2950013""","In-School Suspension",0,0,0,48,50
"Booker T. Washington Academy District","=""2950013""","Out-of-School Suspension",0,0,0,"*","*"
"Booker T. Washington Academy District","=""2950013""","Expulsion",0,0,0,0,0
"Booker T. Washington Academy District","=""2950013""","Bus Suspension",0,0,0,"*","*"
"Bozrah School District","=""0130011""","In-School Suspension","*",6,6,"*","*"
"Bozrah School District","=""0130011""","Out-of-School Suspension","*","*","*","*","*"
"Bozrah School District","=""0130011""","Expulsion",0,0,0,0,0
"Bozrah School District","=""0130011""","Bus Suspension",0,"*","*","*","*"
"Branford School District","=""0140011""","In-School Suspension",314,283,332,288,250
"Branford School District","=""0140011""","Out-of-School Suspension",70,83,127,110,114
"Branford School District","=""0140011""","Expulsion",0,0,"*",0,"*"
"Branford School District","=""0140011""","Bus Suspension",0,"*",0,"*","*"
"Brass City Charter School District","=""2900013""","In-School Suspension",0,0,0,"*","*"
"Brass City Charter School District","=""2900013""","Out-of-School Suspension",0,0,0,16,9
"Brass City Charter School District","=""2900013""","Expulsion",0,0,0,0,0
"Brass City Charter School District","=""2900013""","Bus Suspension",0,0,0,0,0
"Bridgeport Achievement First District","=""2850013""","In-School Suspension",598,156,1148,1123,504
"Bridgeport Achievement First District","=""2850013""","Out-of-School Suspension",169,205,367,518,285
"Bridgeport Achievement First District","=""2850013""","Expulsion","*","*","*","*",9
"Bridgeport Achievement First District","=""2850013""","Bus Suspension",0,0,44,47,70
"Bridgeport School District","=""0150011""","In-School Suspension",5688,5329,4214,4536,5085
"Bridgeport School District","=""0150011""","Out-of-School Suspension",5158,4181,4783,3937,3393
"Bridgeport School District","=""0150011""","Expulsion",45,51,54,44,76
"Bridgeport School District","=""0150011""","Bus Suspension",56,59,45,19,16
"Bristol School District","=""0170011""","In-School Suspension",1284,1212,1214,1032,998
"Bristol School District","=""0170011""","Out-of-School Suspension",511,542,566,503,484
"Bristol School District","=""0170011""","Expulsion",13,16,15,13,13
"Bristol School District","=""0170011""","Bus Suspension",18,36,40,52,52
"Brookfield School District","=""0180011""","In-School Suspension",126,101,72,83,75
"Brookfield School District","=""0180011""","Out-of-School Suspension",33,19,40,44,41
"Brookfield School District","=""0180011""","Expulsion",0,0,0,"*",0
"Brookfield School District","=""0180011""","Bus Suspension",0,"*","*","*",0
"Brooklyn School District","=""0190011""","In-School Suspension",121,80,103,71,74
"Brooklyn School District","=""0190011""","Out-of-School Suspension",19,"*",16,"*",20
"Brooklyn School District","=""0190011""","Expulsion",0,0,0,0,0
"Brooklyn School District","=""0190011""","Bus Suspension",31,29,9,11,57
"Canaan School District","=""0210011""","In-School Suspension",0,"*",0,0,0
"Canaan School District","=""0210011""","Out-of-School Suspension",0,0,"*",0,"*"
"Canaan School District","=""0210011""","Expulsion",0,0,0,0,0
"Canaan School District","=""0210011""","Bus Suspension",0,0,"*",0,0
"Canterbury School District","=""0220011""","In-School Suspension",32,22,24,17,0
"Canterbury School District","=""0220011""","Out-of-School Suspension","*",6,6,"*",11
"Canterbury School District","=""0220011""","Expulsion",0,"*",0,0,0
"Canterbury School District","=""0220011""","Bus Suspension","*","*",0,"*","*"
"Canton School District","=""0230011""","In-School Suspension",61,42,16,21,53
"Canton School District","=""0230011""","Out-of-School Suspension",19,8,6,10,23
"Canton School District","=""0230011""","Expulsion",0,0,0,0,0
"Canton School District","=""0230011""","Bus Suspension",0,0,0,0,0
"Capital Preparatory Harbor School Inc. District","=""2970013""","In-School Suspension",0,0,0,0,0
"Capital Preparatory Harbor School Inc. District","=""2970013""","Out-of-School Suspension",0,0,0,0,93
"Capital Preparatory Harbor School Inc. District","=""2970013""","Expulsion",0,0,0,0,"*"
"Capital Preparatory Harbor School Inc. District","=""2970013""","Bus Suspension",0,0,0,0,0
"Capitol Region Education Council","=""2410014""","In-School Suspension",557,1641,1122,1350,1684
"Capitol Region Education Council","=""2410014""","Out-of-School Suspension",64,127,284,467,415
"Capitol Region Education Council","=""2410014""","Expulsion",9,0,"*",0,"*"
"Capitol Region Education Council","=""2410014""","Bus Suspension","*","*",17,17,31
"Chaplin School District","=""0240011""","In-School Suspension",0,"*",0,0,"*"
"Chaplin School District","=""0240011""","Out-of-School Suspension","*",0,"*",0,0
"Chaplin School District","=""0240011""","Expulsion",0,0,0,0,0
"Chaplin School District","=""0240011""","Bus Suspension",0,0,0,0,0
"Cheshire School District","=""0250011""","In-School Suspension",205,148,168,134,174
"Cheshire School District","=""0250011""","Out-of-School Suspension",91,89,72,95,95
"Cheshire School District","=""0250011""","Expulsion","*","*",0,"*","*"
"Cheshire School District","=""0250011""","Bus Suspension",10,12,17,10,31
"Chester School District","=""0260011""","In-School Suspension","*",0,"*","*",0
"Chester School District","=""0260011""","Out-of-School Suspension","*","*",0,0,0
"Chester School District","=""0260011""","Expulsion",0,0,0,0,0
"Chester School District","=""0260011""","Bus Suspension",0,"*",0,0,0
"Clinton School District","=""0270011""","In-School Suspension",257,226,131,145,82
"Clinton School District","=""0270011""","Out-of-School Suspension",74,70,53,57,38
"Clinton School District","=""0270011""","Expulsion","*","*","*","*","*"
"Clinton School District","=""0270011""","Bus Suspension","*",0,"*","*","*"
"Colchester School District","=""0280011""","In-School Suspension",210,277,204,200,117
"Colchester School District","=""0280011""","Out-of-School Suspension",44,66,75,55,38
"Colchester School District","=""0280011""","Expulsion",7,"*",6,"*","*"
"Colchester School District","=""0280011""","Bus Suspension",13,11,"*","*","*"
"Colebrook School District","=""0290011""","In-School Suspension",0,"*","*","*","*"
"Colebrook School District","=""0290011""","Out-of-School Suspension",0,"*","*",0,0
"Colebrook School District","=""0290011""","Expulsion",0,0,0,0,0
"Colebrook School District","=""0290011""","Bus Suspension",0,0,"*",0,0
"Columbia School District","=""0300011""","In-School Suspension",19,"*","*",36,14
"Columbia School District","=""0300011""","Out-of-School Suspension","*","*",0,8,0
"Columbia School District","=""0300011""","Expulsion","*",0,0,0,0
"Columbia School District","=""0300011""","Bus Suspension",0,0,0,"*",0
"Common Ground High School District","=""2680013""","In-School Suspension",17,"*",13,9,"*"
"Common Ground High School District","=""2680013""","Out-of-School Suspension","*","*",12,10,13
"Common Ground High School District","=""2680013""","Expulsion","*","*",0,0,"*"
"Common Ground High School District","=""2680013""","Bus Suspension",0,0,0,0,0
"Connecticut Technical High School System","=""9000016""","In-School Suspension",4121,2814,2189,2002,1684
"Connecticut Technical High School System","=""9000016""","Out-of-School Suspension",1141,824,772,824,807
"Connecticut Technical High School System","=""9000016""","Expulsion",99,81,78,77,60
"Connecticut Technical High School System","=""9000016""","Bus Suspension",0,"*","*",0,6
"Cooperative Educational Services","=""2430014""","In-School Suspension",37,"*",14,20,"*"
"Cooperative Educational Services","=""2430014""","Out-of-School Suspension",82,90,78,66,82
"Cooperative Educational Services","=""2430014""","Expulsion",0,0,0,0,0
"Cooperative Educational Services","=""2430014""","Bus Suspension","*","*",6,"*",0
"Cornwall School District","=""0310011""","In-School Suspension",0,0,0,"*","*"
"Cornwall School District","=""0310011""","Out-of-School Suspension",0,0,0,0,0
"Cornwall School District","=""0310011""","Expulsion",0,0,0,0,0
"Cornwall School District","=""0310011""","Bus Suspension",0,0,0,0,0
"Coventry School District","=""0320011""","In-School Suspension",242,114,141,76,39
"Coventry School District","=""0320011""","Out-of-School Suspension",63,28,31,30,31
"Coventry School District","=""0320011""","Expulsion",8,8,0,"*","*"
"Coventry School District","=""0320011""","Bus Suspension",12,7,"*","*","*"
"Cromwell School District","=""0330011""","In-School Suspension",357,327,274,215,185
"Cromwell School District","=""0330011""","Out-of-School Suspension",83,73,51,63,63
"Cromwell School District","=""0330011""","Expulsion","*","*",0,0,0
"Cromwell School District","=""0330011""","Bus Suspension","*","*","*",16,16
"Danbury School District","=""0340011""","In-School Suspension",2010,2280,1734,2246,1504
"Danbury School District","=""0340011""","Out-of-School Suspension",809,556,548,669,490
"Danbury School District","=""0340011""","Expulsion",9,0,"*",0,"*"
"Danbury School District","=""0340011""","Bus Suspension","*","*","*",14,6
"Darien School District","=""0350011""","In-School Suspension",55,40,54,54,39
"Darien School District","=""0350011""","Out-of-School Suspension",17,"*",35,11,"*"
"Darien School District","=""0350011""","Expulsion",0,0,"*","*","*"
"Darien School District","=""0350011""","Bus Suspension","*",0,0,0,0
"Deep River School District","=""0360011""","In-School Suspension","*","*","*",7,10
"Deep River School District","=""0360011""","Out-of-School Suspension","*","*","*",0,"*"
"Deep River School District","=""0360011""","Expulsion",0,0,0,0,0
"Deep River School District","=""0360011""","Bus Suspension",0,"*",0,"*","*"
"Derby School District","=""0370011""","In-School Suspension",150,271,212,306,148
"Derby School District","=""0370011""","Out-of-School Suspension",149,163,171,153,123
"Derby School District","=""0370011""","Expulsion","*",13,"*",18,17
"Derby School District","=""0370011""","Bus Suspension",11,9,10,"*","*"
"East Granby School District","=""0400011""","In-School Suspension",26,34,38,49,57
"East Granby School District","=""0400011""","Out-of-School Suspension",12,11,13,12,40
"East Granby School District","=""0400011""","Expulsion",0,0,0,0,0
"East Granby School District","=""0400011""","Bus Suspension",0,0,"*",0,0
"East Haddam School District","=""0410011""","In-School Suspension",55,0,0,25,24
"East Haddam School District","=""0410011""","Out-of-School Suspension",15,0,0,"*","*"
"East Haddam School District","=""0410011""","Expulsion",0,0,0,"*",0
"East Haddam School District","=""0410011""","Bus Suspension",0,0,0,0,0
"East Hampton School District","=""0420011""","In-School Suspension",115,79,78,70,101
"East Hampton School District","=""0420011""","Out-of-School Suspension",18,17,26,18,14
"East Hampton School District","=""0420011""","Expulsion",0,0,0,0,0
"East Hampton School District","=""0420011""","Bus Suspension","*",0,0,0,"*"
"East Hartford School District","=""0430011""","In-School Suspension",3109,2282,2374,2345,1943
"East Hartford School District","=""0430011""","Out-of-School Suspension",2013,1343,1383,1632,736
"East Hartford School District","=""0430011""","Expulsion",41,23,18,29,13
"East Hartford School District","=""0430011""","Bus Suspension",22,42,61,40,41
"East Haven School District","=""0440011""","In-School Suspension",644,521,330,213,321
"East Haven School District","=""0440011""","Out-of-School Suspension",263,168,211,164,275
"East Haven School District","=""0440011""","Expulsion",6,"*","*","*","*"
"East Haven School District","=""0440011""","Bus Suspension",0,"*",0,"*","*"
"East Lyme School District","=""0450011""","In-School Suspension",163,118,90,149,132
"East Lyme School District","=""0450011""","Out-of-School Suspension",34,26,42,48,34
"East Lyme School District","=""0450011""","Expulsion",0,0,0,"*","*"
"East Lyme School District","=""0450011""","Bus Suspension",7,9,7,10,6
"East Windsor School District","=""0470011""","In-School Suspension",296,243,198,106,133
"East Windsor School District","=""0470011""","Out-of-School Suspension",118,92,100,47,59
"East Windsor School District","=""0470011""","Expulsion",0,"*",7,"*","*"
"East Windsor School District","=""0470011""","Bus Suspension",12,"*",18,"*",32
"Eastern Connecticut Regional Educational Service Center (EASTCONN)","=""2530014""","In-School Suspension",21,30,0,47,36
"Eastern Connecticut Regional Educational Service Center (EASTCONN)","=""2530014""","Out-of-School Suspension",22,44,0,64,59
"Eastern Connecticut Regional Educational Service Center (EASTCONN)","=""2530014""","Expulsion",0,0,0,0,0
"Eastern Connecticut Regional Educational Service Center (EASTCONN)","=""2530014""","Bus Suspension",0,"*",0,"*",0
"Eastford School District","=""0390011""","In-School Suspension",7,"*",6,"*","*"
"Eastford School District","=""0390011""","Out-of-School Suspension",0,"*","*","*","*"
"Eastford School District","=""0390011""","Expulsion","*",0,0,0,0
"Eastford School District","=""0390011""","Bus Suspension",0,0,0,0,"*"
"Easton School District","=""0460011""","In-School Suspension",11,"*",25,"*",15
"Easton School District","=""0460011""","Out-of-School Suspension","*","*","*","*",0
"Easton School District","=""0460011""","Expulsion",0,0,0,0,0
"Easton School District","=""0460011""","Bus Suspension",0,0,"*",0,0
"Education Connection","=""2420014""","In-School Suspension",0,"*",17,"*",12
"Education Connection","=""2420014""","Out-of-School Suspension",0,10,50,39,45
"Education Connection","=""2420014""","Expulsion",0,0,0,0,0
"Education Connection","=""2420014""","Bus Suspension",0,0,0,0,0
"Ellington School District","=""0480011""","In-School Suspension",248,232,154,199,209
"Ellington School District","=""0480011""","Out-of-School Suspension",73,57,53,60,48
"Ellington School District","=""0480011""","Expulsion","*","*","*",0,7
"Ellington School District","=""0480011""","Bus Suspension","*","*","*","*",11
"Elm City College Preparatory School District","=""2890013""","In-School Suspension",94,230,365,152,158
"Elm City College Preparatory School District","=""2890013""","Out-of-School Suspension",448,398,254,137,185
"Elm City College Preparatory School District","=""2890013""","Expulsion","*","*","*","*","*"
"Elm City College Preparatory School District","=""2890013""","Bus Suspension",0,"*","*",34,25
"Enfield School District","=""0490011""","In-School Suspension",969,981,789,777,714
"Enfield School District","=""0490011""","Out-of-School Suspension",256,313,327,310,289
"Enfield School District","=""0490011""","Expulsion",22,24,25,14,14
"Enfield School District","=""0490011""","Bus Suspension","*",26,"*",12,0
"Essex School District","=""0500011""","In-School Suspension",0,6,"*","*",0
"Essex School District","=""0500011""","Out-of-School Suspension",0,"*","*","*",0
"Essex School District","=""0500011""","Expulsion",0,0,0,0,0
"Essex School District","=""0500011""","Bus Suspension",0,0,0,0,0
"Explorations District","=""1480011""","In-School Suspension",36,0,0,0,0
"Explorations District","=""1480011""","Out-of-School Suspension","*",0,0,0,0
"Explorations District","=""1480011""","Expulsion",0,0,0,0,0
"Explorations District","=""1480011""","Bus Suspension",0,0,0,0,0
"Explorations District","=""2720013""","In-School Suspension",36,19,10,11,12
"Explorations District","=""2720013""","Out-of-School Suspension","*",11,28,"*",16
"Explorations District","=""2720013""","Expulsion",0,0,0,0,0
"Explorations District","=""2720013""","Bus Suspension",0,0,0,0,0
"Fairfield School District","=""0510011""","In-School Suspension",374,328,297,187,275
"Fairfield School District","=""0510011""","Out-of-School Suspension",63,62,40,46,58
"Fairfield School District","=""0510011""","Expulsion","*",0,7,0,"*"
"Fairfield School District","=""0510011""","Bus Suspension","*","*","*",12,"*"
"Farmington School District","=""0520011""","In-School Suspension",59,49,66,55,56
"Farmington School District","=""0520011""","Out-of-School Suspension",29,54,36,22,29
"Farmington School District","=""0520011""","Expulsion","*",0,"*",0,"*"
"Farmington School District","=""0520011""","Bus Suspension",14,"*",8,0,"*"
"Franklin School District","=""0530011""","In-School Suspension",0,"*",11,11,"*"
"Franklin School District","=""0530011""","Out-of-School Suspension","*",0,0,0,"*"
"Franklin School District","=""0530011""","Expulsion",0,0,0,0,0
"Franklin School District","=""0530011""","Bus Suspension",0,0,0,0,0
"Glastonbury School District","=""0540011""","In-School Suspension",163,129,160,128,96
"Glastonbury School District","=""0540011""","Out-of-School Suspension",39,44,56,24,24
"Glastonbury School District","=""0540011""","Expulsion",14,6,"*","*",0
"Glastonbury School District","=""0540011""","Bus Suspension","*","*",0,"*","*"
"Granby School District","=""0560011""","In-School Suspension",72,52,63,78,102
"Granby School District","=""0560011""","Out-of-School Suspension","*",12,14,"*",11
"Granby School District","=""0560011""","Expulsion","*","*","*","*","*"
"Granby School District","=""0560011""","Bus Suspension","*",11,7,"*",8
"Great Oaks Charter School District","=""2940013""","In-School Suspension",0,0,0,29,101
"Great Oaks Charter School District","=""2940013""","Out-of-School Suspension",0,0,0,125,99
"Great Oaks Charter School District","=""2940013""","Expulsion",0,0,0,0,0
"Great Oaks Charter School District","=""2940013""","Bus Suspension",0,0,0,"*","*"
"Greenwich School District","=""0570011""","In-School Suspension",272,208,126,133,86
"Greenwich School District","=""0570011""","Out-of-School Suspension",56,70,72,62,52
"Greenwich School District","=""0570011""","Expulsion","*",7,"*","*","*"
"Greenwich School District","=""0570011""","Bus Suspension","*","*","*",0,0
"Griswold School District","=""0580011""","In-School Suspension",437,309,260,207,146
"Griswold School District","=""0580011""","Out-of-School Suspension",161,102,131,109,61
"Griswold School District","=""0580011""","Expulsion","*","*","*","*",6
"Griswold School District","=""0580011""","Bus Suspension",0,0,0,0,0
"Groton School District","=""0590011""","In-School Suspension",539,479,479,607,637
"Groton School District","=""0590011""","Out-of-School Suspension",363,267,325,301,292
"Groton School District","=""0590011""","Expulsion",26,17,11,"*","*"
"Groton School District","=""0590011""","Bus Suspension","*",9,13,12,"*"
"Guilford School District","=""0600011""","In-School Suspension",198,127,102,70,65
"Guilford School District","=""0600011""","Out-of-School Suspension",87,54,67,38,43
"Guilford School District","=""0600011""","Expulsion",6,"*",8,"*","*"
"Guilford School District","=""0600011""","Bus Suspension","*","*","*","*",0
"Hamden School District","=""0620011""","In-School Suspension",1040,1078,881,581,572
"Hamden School District","=""0620011""","Out-of-School Suspension",439,520,538,357,370
"Hamden School District","=""0620011""","Expulsion",36,18,10,19,7
"Hamden School District","=""0620011""","Bus Suspension",22,29,19,44,34
"Hampton School District","=""0630011""","In-School Suspension","*",0,0,0,"*"
"Hampton School District","=""0630011""","Out-of-School Suspension",0,0,0,0,0
"Hampton School District","=""0630011""","Expulsion",0,0,0,0,0
"Hampton School District","=""0630011""","Bus Suspension",0,0,"*",0,0
"Hartford School District","=""0640011""","In-School Suspension",3850,3945,3968,3774,3965
"Hartford School District","=""0640011""","Out-of-School Suspension",5603,5793,5861,4883,3531
"Hartford School District","=""0640011""","Expulsion",74,105,92,104,82
"Hartford School District","=""0640011""","Bus Suspension",55,122,59,78,84
"Hartland School District","=""0650011""","In-School Suspension","*","*","*",0,"*"
"Hartland School District","=""0650011""","Out-of-School Suspension",0,0,0,0,"*"
"Hartland School District","=""0650011""","Expulsion",0,0,0,0,0
"Hartland School District","=""0650011""","Bus Suspension",0,0,"*","*",0
"Hebron School District","=""0670011""","In-School Suspension",6,0,"*","*",8
"Hebron School District","=""0670011""","Out-of-School Suspension",0,"*","*","*","*"
"Hebron School District","=""0670011""","Expulsion",0,0,0,0,0
"Hebron School District","=""0670011""","Bus Suspension",0,0,0,0,0
"Highville Charter School District","=""2860013""","In-School Suspension",19,0,12,18,156
"Highville Charter School District","=""2860013""","Out-of-School Suspension",0,"*",17,"*",103
"Highville Charter School District","=""2860013""","Expulsion",0,"*",0,0,0
"Highville Charter School District","=""2860013""","Bus Suspension",0,0,0,0,7
"Integrated Day Charter School District","=""2640013""","In-School Suspension",9,9,16,0,12
"Integrated Day Charter School District","=""2640013""","Out-of-School Suspension",16,"*",16,"*",11
"Integrated Day Charter School District","=""2640013""","Expulsion",0,0,0,0,0
"Integrated Day Charter School District","=""2640013""","Bus Suspension","*","*",0,0,"*"
"Interdistrict School for Arts and Comm District","=""2650013""","In-School Suspension",122,37,26,74,62
"Interdistrict School for Arts and Comm District","=""2650013""","Out-of-School Suspension",34,19,33,36,18
"Interdistrict School for Arts and Comm District","=""2650013""","Expulsion",0,0,"*",0,0
"Interdistrict School for Arts and Comm District","=""2650013""","Bus Suspension",0,0,0,7,0
"Jumoke Academy District","=""2610013""","In-School Suspension",12,65,88,100,99
"Jumoke Academy District","=""2610013""","Out-of-School Suspension",14,14,58,73,44
"Jumoke Academy District","=""2610013""","Expulsion",0,0,0,0,0
"Jumoke Academy District","=""2610013""","Bus Suspension",0,0,"*",0,"*"
"Kent School District","=""0680011""","In-School Suspension",0,0,0,0,"*"
"Kent School District","=""0680011""","Out-of-School Suspension",0,0,0,0,0
"Kent School District","=""0680011""","Expulsion",0,0,0,0,0
"Kent School District","=""0680011""","Bus Suspension",0,0,0,0,0
"Killingly School District","=""0690011""","In-School Suspension",502,733,538,453,350
"Killingly School District","=""0690011""","Out-of-School Suspension",118,132,73,46,71
"Killingly School District","=""0690011""","Expulsion",0,0,"*","*",0
"Killingly School District","=""0690011""","Bus Suspension",16,16,9,15,14
"Learn","=""2450014""","In-School Suspension",81,209,143,95,138
"Learn","=""2450014""","Out-of-School Suspension",83,108,72,91,125
"Learn","=""2450014""","Expulsion",0,0,"*",0,"*"
"Learn","=""2450014""","Bus Suspension",0,11,"*","*","*"
"Lebanon School District","=""0710011""","In-School Suspension",86,56,19,27,30
"Lebanon School District","=""0710011""","Out-of-School Suspension","*","*",0,16,13
"Lebanon School District","=""0710011""","Expulsion",0,0,"*","*","*"
"Lebanon School District","=""0710011""","Bus Suspension",0,"*","*",0,0
"Ledyard School District","=""0720011""","In-School Suspension",162,116,134,151,150
"Ledyard School District","=""0720011""","Out-of-School Suspension",37,40,54,74,42
"Ledyard School District","=""0720011""","Expulsion","*","*","*","*",0
"Ledyard School District","=""0720011""","Bus Suspension","*","*",0,0,"*"
"Lisbon School District","=""0730011""","In-School Suspension",24,19,"*","*",13
"Lisbon School District","=""0730011""","Out-of-School Suspension","*","*",0,0,0
"Lisbon School District","=""0730011""","Expulsion","*","*",0,0,0
"Lisbon School District","=""0730011""","Bus Suspension",0,0,0,0,0
"Litchfield School District","=""0740011""","In-School Suspension",75,65,48,70,63
"Litchfield School District","=""0740011""","Out-of-School Suspension",30,8,12,20,13
"Litchfield School District","=""0740011""","Expulsion","*",6,6,"*","*"
"Litchfield School District","=""0740011""","Bus Suspension","*",0,"*","*","*"
"Madison School District","=""0760011""","In-School Suspension",158,152,75,99,65
"Madison School District","=""0760011""","Out-of-School Suspension",24,42,19,25,9
"Madison School District","=""0760011""","Expulsion",0,6,0,"*","*"
"Madison School District","=""0760011""","Bus Suspension",0,"*","*","*","*"
"Manchester School District","=""0770011""","In-School Suspension",1211,1157,1073,846,926
"Manchester School District","=""0770011""","Out-of-School Suspension",550,481,467,341,379
"Manchester School District","=""0770011""","Expulsion",12,"*","*",14,10
"Manchester School District","=""0770011""","Bus Suspension",0,0,"*","*",7
"Mansfield School District","=""0780011""","In-School Suspension",28,19,15,36,43
"Mansfield School District","=""0780011""","Out-of-School Suspension","*",9,12,"*","*"
"Mansfield School District","=""0780011""","Expulsion",0,"*",0,"*",0
"Mansfield School District","=""0780011""","Bus Suspension","*","*","*",0,"*"
"Marlborough School District","=""0790011""","In-School Suspension","*",10,7,"*","*"
"Marlborough School District","=""0790011""","Out-of-School Suspension","*",0,0,0,0
"Marlborough School District","=""0790011""","Expulsion",0,0,0,0,0
"Marlborough School District","=""0790011""","Bus Suspension",0,"*",0,0,"*"
"Meriden School District","=""0800011""","In-School Suspension",3127,2307,1432,1224,652
"Meriden School District","=""0800011""","Out-of-School Suspension",977,1070,854,849,619
"Meriden School District","=""0800011""","Expulsion",35,14,11,"*","*"
"Meriden School District","=""0800011""","Bus Suspension","*",7,16,15,"*"
"Middletown School District","=""0830011""","In-School Suspension",517,557,377,492,547
"Middletown School District","=""0830011""","Out-of-School Suspension",308,421,279,274,320
"Middletown School District","=""0830011""","Expulsion","*",10,13,"*","*"
"Middletown School District","=""0830011""","Bus Suspension",25,16,28,18,42
"Milford School District","=""0840011""","In-School Suspension",562,597,520,533,660
"Milford School District","=""0840011""","Out-of-School Suspension",235,301,210,199,192
"Milford School District","=""0840011""","Expulsion","*","*",17,8,8
"Milford School District","=""0840011""","Bus Suspension",0,"*",0,"*",6
"Monroe School District","=""0850011""","In-School Suspension",48,42,46,52,56
"Monroe School District","=""0850011""","Out-of-School Suspension",22,29,32,25,35
"Monroe School District","=""0850011""","Expulsion","*",0,"*","*",0
"Monroe School District","=""0850011""","Bus Suspension",0,"*",0,0,0
"Montville School District","=""0860011""","In-School Suspension",777,213,128,112,116
"Montville School District","=""0860011""","Out-of-School Suspension",203,109,72,88,67
"Montville School District","=""0860011""","Expulsion","*",0,"*","*","*"
"Montville School District","=""0860011""","Bus Suspension",20,18,10,"*","*"
"Naugatuck School District","=""0880011""","In-School Suspension",886,383,512,519,432
"Naugatuck School District","=""0880011""","Out-of-School Suspension",351,351,367,293,262
"Naugatuck School District","=""0880011""","Expulsion",8,0,8,"*","*"
"Naugatuck School District","=""0880011""","Bus Suspension",9,"*","*","*",8
"New Beginnings Inc., Family Academy District","=""2800013""","In-School Suspension","*",94,79,"*",0
"New Beginnings Inc., Family Academy District","=""2800013""","Out-of-School Suspension",90,46,115,106,103
"New Beginnings Inc., Family Academy District","=""2800013""","Expulsion","*",0,0,0,0
"New Beginnings Inc., Family Academy District","=""2800013""","Bus Suspension","*",7,12,"*",16
"New Britain School District","=""0890011""","In-School Suspension",3647,5680,4145,3012,2562
"New Britain School District","=""0890011""","Out-of-School Suspension",1990,2314,2127,1523,1374
"New Britain School District","=""0890011""","Expulsion",0,"*",45,"*",40
"New Britain School District","=""0890011""","Bus Suspension","*","*",36,98,60
"New Canaan School District","=""0900011""","In-School Suspension",46,0,24,14,25
"New Canaan School District","=""0900011""","Out-of-School Suspension",7,0,8,"*","*"
"New Canaan School District","=""0900011""","Expulsion",0,0,0,"*",0
"New Canaan School District","=""0900011""","Bus Suspension",0,0,0,"*",0
"New Fairfield School District","=""0910011""","In-School Suspension",264,253,181,168,129
"New Fairfield School District","=""0910011""","Out-of-School Suspension",38,47,36,18,12
"New Fairfield School District","=""0910011""","Expulsion","*","*","*",0,0
"New Fairfield School District","=""0910011""","Bus Suspension","*","*","*",0,0
"New Hartford School District","=""0920011""","In-School Suspension","*","*",10,9,"*"
"New Hartford School District","=""0920011""","Out-of-School Suspension",0,"*","*",0,"*"
"New Hartford School District","=""0920011""","Expulsion","*",0,0,0,0
"New Hartford School District","=""0920011""","Bus Suspension",0,"*","*",0,"*"
"New Haven School District","=""0930011""","In-School Suspension",720,700,735,762,623
"New Haven School District","=""0930011""","Out-of-School Suspension",3198,1974,1958,2822,2640
"New Haven School District","=""0930011""","Expulsion",71,86,58,40,30
"New Haven School District","=""0930011""","Bus Suspension",0,"*","*",78,78
"New London School District","=""0950011""","In-School Suspension",1085,1200,1270,1360,793
"New London School District","=""0950011""","Out-of-School Suspension",432,504,425,458,318
"New London School District","=""0950011""","Expulsion",18,"*","*",13,17
"New London School District","=""0950011""","Bus Suspension","*","*",71,58,45
"New Milford School District","=""0960011""","In-School Suspension",577,848,731,752,535
"New Milford School District","=""0960011""","Out-of-School Suspension",179,148,104,129,88
"New Milford School District","=""0960011""","Expulsion","*","*","*",0,"*"
"New Milford School District","=""0960011""","Bus Suspension",7,"*","*",7,0
"Newington School District","=""0940011""","In-School Suspension",678,641,600,411,371
"Newington School District","=""0940011""","Out-of-School Suspension",91,72,92,50,56
"Newington School District","=""0940011""","Expulsion",7,8,"*","*",6
"Newington School District","=""0940011""","Bus Suspension","*",21,6,"*",7
"Newtown School District","=""0970011""","In-School Suspension",155,161,144,150,124
"Newtown School District","=""0970011""","Out-of-School Suspension",19,29,29,51,74
"Newtown School District","=""0970011""","Expulsion","*","*",0,"*","*"
"Newtown School District","=""0970011""","Bus Suspension","*",0,0,6,"*"
"Norfolk School District","=""0980011""","In-School Suspension",0,0,0,"*","*"
"Norfolk School District","=""0980011""","Out-of-School Suspension",0,0,0,"*","*"
"Norfolk School District","=""0980011""","Expulsion",0,0,0,0,0
"Norfolk School District","=""0980011""","Bus Suspension",0,0,0,0,"*"
"North Branford School District","=""0990011""","In-School Suspension",305,424,235,243,190
"North Branford School District","=""0990011""","Out-of-School Suspension",45,74,75,88,59
"North Branford School District","=""0990011""","Expulsion","*","*","*","*",0
"North Branford School District","=""0990011""","Bus Suspension","*","*",0,7,"*"
"North Canaan School District","=""1000011""","In-School Suspension","*",9,9,"*",0
"North Canaan School District","=""1000011""","Out-of-School Suspension",0,0,"*",0,0
"North Canaan School District","=""1000011""","Expulsion",0,0,0,0,0
"North Canaan School District","=""1000011""","Bus Suspension","*","*","*",0,0
"North Haven School District","=""1010011""","In-School Suspension",76,226,113,105,98
"North Haven School District","=""1010011""","Out-of-School Suspension",80,57,72,62,63
"North Haven School District","=""1010011""","Expulsion","*",0,"*",12,0
"North Haven School District","=""1010011""","Bus Suspension",31,11,"*","*",0
"North Stonington School District","=""1020011""","In-School Suspension",110,25,42,35,35
"North Stonington School District","=""1020011""","Out-of-School Suspension","*","*",0,16,15
"North Stonington School District","=""1020011""","Expulsion","*",6,"*","*","*"
"North Stonington School District","=""1020011""","Bus Suspension",0,0,0,"*",0
"Norwalk School District","=""1030011""","In-School Suspension",1533,1262,928,782,807
"Norwalk School District","=""1030011""","Out-of-School Suspension",575,548,357,227,261
"Norwalk School District","=""1030011""","Expulsion",44,54,33,30,32
"Norwalk School District","=""1030011""","Bus Suspension","*",9,"*",6,8
"Norwich Free Academy District","=""9010022""","In-School Suspension",693,793,639,445,332
"Norwich Free Academy District","=""9010022""","Out-of-School Suspension",126,209,275,222,240
"Norwich Free Academy District","=""9010022""","Expulsion",12,9,17,41,22
"Norwich Free Academy District","=""9010022""","Bus Suspension","*",0,0,"*","*"
"Norwich School District","=""1040011""","In-School Suspension",529,473,272,249,391
"Norwich School District","=""1040011""","Out-of-School Suspension",304,235,209,189,195
"Norwich School District","=""1040011""","Expulsion","*","*","*","*",8
"Norwich School District","=""1040011""","Bus Suspension",21,23,"*","*","*"
"Odyssey Community School District","=""2630013""","In-School Suspension",9,7,20,22,18
"Odyssey Community School District","=""2630013""","Out-of-School Suspension",9,"*",13,6,"*"
"Odyssey Community School District","=""2630013""","Expulsion",0,0,0,0,0
"Odyssey Community School District","=""2630013""","Bus Suspension",0,0,0,0,"*"
"Old Saybrook School District","=""1060011""","In-School Suspension",52,83,27,59,40
"Old Saybrook School District","=""1060011""","Out-of-School Suspension",14,69,28,22,36
"Old Saybrook School District","=""1060011""","Expulsion",0,"*",0,"*",0
"Old Saybrook School District","=""1060011""","Bus Suspension","*","*",0,0,"*"
"Orange School District","=""1070011""","In-School Suspension",8,10,17,13,14
"Orange School District","=""1070011""","Out-of-School Suspension",0,0,"*",0,0
"Orange School District","=""1070011""","Expulsion",0,0,0,0,0
"Orange School District","=""1070011""","Bus Suspension",0,"*","*",0,"*"
"Oxford School District","=""1080011""","In-School Suspension",51,34,25,28,31
"Oxford School District","=""1080011""","Out-of-School Suspension",22,35,26,18,19
"Oxford School District","=""1080011""","Expulsion",0,0,"*","*","*"
"Oxford School District","=""1080011""","Bus Suspension","*",0,"*",0,0
"Park City Prep Charter School District","=""2830013""","In-School Suspension",71,25,12,47,100
"Park City Prep Charter School District","=""2830013""","Out-of-School Suspension",52,23,50,60,74
"Park City Prep Charter School District","=""2830013""","Expulsion",0,0,0,0,"*"
"Park City Prep Charter School District","=""2830013""","Bus Suspension","*",0,0,0,0
"Path Academy District","=""2930013""","In-School Suspension",0,0,0,0,0
"Path Academy District","=""2930013""","Out-of-School Suspension",0,0,0,94,25
"Path Academy District","=""2930013""","Expulsion",0,0,0,0,6
"Path Academy District","=""2930013""","Bus Suspension",0,0,0,0,0
"Plainfield School District","=""1090011""","In-School Suspension",359,302,294,408,491
"Plainfield School District","=""1090011""","Out-of-School Suspension",145,176,140,173,209
"Plainfield School District","=""1090011""","Expulsion","*",8,"*","*","*"
"Plainfield School District","=""1090011""","Bus Suspension",70,31,"*",9,"*"
"Plainville School District","=""1100011""","In-School Suspension",184,233,151,172,238
"Plainville School District","=""1100011""","Out-of-School Suspension",22,27,28,25,65
"Plainville School District","=""1100011""","Expulsion",0,0,0,"*","*"
"Plainville School District","=""1100011""","Bus Suspension","*","*",0,"*",0
"Plymouth School District","=""1110011""","In-School Suspension",64,77,57,83,165
"Plymouth School District","=""1110011""","Out-of-School Suspension",68,57,46,27,23
"Plymouth School District","=""1110011""","Expulsion",0,"*",0,0,"*"
"Plymouth School District","=""1110011""","Bus Suspension",0,"*","*","*",0
"Pomfret School District","=""1120011""","In-School Suspension","*",7,"*",10,18
"Pomfret School District","=""1120011""","Out-of-School Suspension","*","*","*","*",8
"Pomfret School District","=""1120011""","Expulsion",0,"*","*",0,0
"Pomfret School District","=""1120011""","Bus Suspension",0,0,0,0,0
"Portland School District","=""1130011""","In-School Suspension",57,64,83,46,52
"Portland School District","=""1130011""","Out-of-School Suspension",21,17,19,28,22
"Portland School District","=""1130011""","Expulsion","*","*","*","*",0
"Portland School District","=""1130011""","Bus Suspension","*",0,0,"*",0
"Preston School District","=""1140011""","In-School Suspension",8,14,14,7,10
"Preston School District","=""1140011""","Out-of-School Suspension","*","*",0,7,"*"
"Preston School District","=""1140011""","Expulsion",0,0,0,0,"*"
"Preston School District","=""1140011""","Bus Suspension",0,"*",0,9,"*"
"Putnam School District","=""1160011""","In-School Suspension",191,202,149,83,80
"Putnam School District","=""1160011""","Out-of-School Suspension",99,105,57,59,64
"Putnam School District","=""1160011""","Expulsion","*","*","*","*","*"
"Putnam School District","=""1160011""","Bus Suspension",7,13,"*","*",9
"Redding School District","=""1170011""","In-School Suspension",34,39,29,15,24
"Redding School District","=""1170011""","Out-of-School Suspension",0,"*","*",0,"*"
"Redding School District","=""1170011""","Expulsion",0,0,0,0,0
"Redding School District","=""1170011""","Bus Suspension","*","*",0,"*",9
"Regional School District 01","=""2010012""","In-School Suspension",51,84,53,128,95
"Regional School District 01","=""2010012""","Out-of-School Suspension",10,18,16,25,22
"Regional School District 01","=""2010012""","Expulsion","*",0,0,0,0
"Regional School District 01","=""2010012""","Bus Suspension","*","*",0,"*","*"
"Regional School District 04","=""2040012""","In-School Suspension",73,88,49,32,43
"Regional School District 04","=""2040012""","Out-of-School Suspension",34,20,14,8,14
"Regional School District 04","=""2040012""","Expulsion",0,"*","*","*","*"
"Regional School District 04","=""2040012""","Bus Suspension",0,"*",0,0,0
"Regional School District 05","=""2050012""","In-School Suspension",185,69,65,51,101
"Regional School District 05","=""2050012""","Out-of-School Suspension",67,34,38,51,46
"Regional School District 05","=""2050012""","Expulsion",0,"*",0,0,"*"
"Regional School District 05","=""2050012""","Bus Suspension",0,0,0,0,0
"Regional School District 06","=""2060012""","In-School Suspension",93,75,73,59,74
"Regional School District 06","=""2060012""","Out-of-School Suspension",36,22,24,7,9
"Regional School District 06","=""2060012""","Expulsion","*","*","*","*","*"
"Regional School District 06","=""2060012""","Bus Suspension","*","*","*","*","*"
"Regional School District 07","=""2070012""","In-School Suspension",41,27,75,69,48
"Regional School District 07","=""2070012""","Out-of-School Suspension",47,57,51,66,49
"Regional School District 07","=""2070012""","Expulsion","*",0,"*","*",0
"Regional School District 07","=""2070012""","Bus Suspension",0,0,"*","*",0
"Regional School District 08","=""2080012""","In-School Suspension",263,221,149,131,101
"Regional School District 08","=""2080012""","Out-of-School Suspension",74,38,58,40,33
"Regional School District 08","=""2080012""","Expulsion","*","*",0,0,0
"Regional School District 08","=""2080012""","Bus Suspension",0,0,0,0,0
"Regional School District 09","=""2090012""","In-School Suspension","*",0,"*",0,21
"Regional School District 09","=""2090012""","Out-of-School Suspension",16,13,14,20,17
"Regional School District 09","=""2090012""","Expulsion","*",0,0,0,0
"Regional School District 09","=""2090012""","Bus Suspension",0,0,0,0,0
"Regional School District 10","=""2100012""","In-School Suspension",181,120,131,97,81
"Regional School District 10","=""2100012""","Out-of-School Suspension",33,39,37,21,14
"Regional School District 10","=""2100012""","Expulsion",0,"*",8,"*",0
"Regional School District 10","=""2100012""","Bus Suspension","*","*","*",0,0
"Regional School District 11","=""2110012""","In-School Suspension",55,38,40,39,29
"Regional School District 11","=""2110012""","Out-of-School Suspension",28,29,36,30,16
"Regional School District 11","=""2110012""","Expulsion",0,0,0,0,0
"Regional School District 11","=""2110012""","Bus Suspension",0,0,0,"*","*"
"Regional School District 12","=""2120012""","In-School Suspension",71,30,37,34,25
"Regional School District 12","=""2120012""","Out-of-School Suspension",13,15,15,15,20
"Regional School District 12","=""2120012""","Expulsion","*","*","*",0,0
"Regional School District 12","=""2120012""","Bus Suspension",0,0,0,0,0
"Regional School District 13","=""2130012""","In-School Suspension",40,43,31,44,31
"Regional School District 13","=""2130012""","Out-of-School Suspension","*","*",8,24,18
"Regional School District 13","=""2130012""","Expulsion",0,"*",0,"*",0
"Regional School District 13","=""2130012""","Bus Suspension",0,0,"*",0,0
"Regional School District 14","=""2140012""","In-School Suspension",75,62,41,16,43
"Regional School District 14","=""2140012""","Out-of-School Suspension",31,24,31,18,20
"Regional School District 14","=""2140012""","Expulsion",0,0,0,"*","*"
"Regional School District 14","=""2140012""","Bus Suspension",0,0,0,0,0
"Regional School District 15","=""2150012""","In-School Suspension",174,217,179,161,182
"Regional School District 15","=""2150012""","Out-of-School Suspension",61,33,57,66,60
"Regional School District 15","=""2150012""","Expulsion","*",0,"*","*","*"
"Regional School District 15","=""2150012""","Bus Suspension","*","*",0,0,0
"Regional School District 16","=""2160012""","In-School Suspension",196,136,171,145,158
"Regional School District 16","=""2160012""","Out-of-School Suspension",83,67,80,39,44
"Regional School District 16","=""2160012""","Expulsion","*","*","*",8,0
"Regional School District 16","=""2160012""","Bus Suspension",0,0,"*",0,0
"Regional School District 17","=""2170012""","In-School Suspension",132,134,133,110,109
"Regional School District 17","=""2170012""","Out-of-School Suspension",34,11,11,18,41
"Regional School District 17","=""2170012""","Expulsion","*","*",0,"*",7
"Regional School District 17","=""2170012""","Bus Suspension","*","*",0,0,"*"
"Regional School District 18","=""2180012""","In-School Suspension",48,23,26,60,35
"Regional School District 18","=""2180012""","Out-of-School Suspension",13,"*",10,11,"*"
"Regional School District 18","=""2180012""","Expulsion","*","*","*","*","*"
"Regional School District 18","=""2180012""","Bus Suspension",0,0,"*",9,"*"
"Regional School District 19","=""2190012""","In-School Suspension",95,87,86,40,48
"Regional School District 19","=""2190012""","Out-of-School Suspension",82,78,50,56,61
"Regional School District 19","=""2190012""","Expulsion",0,"*","*","*",0
"Regional School District 19","=""2190012""","Bus Suspension",0,0,"*",0,"*"
"Ridgefield School District","=""1180011""","In-School Suspension",93,73,64,55,69
"Ridgefield School District","=""1180011""","Out-of-School Suspension",35,26,8,12,8
"Ridgefield School District","=""1180011""","Expulsion","*","*","*",0,"*"
"Ridgefield School District","=""1180011""","Bus Suspension","*",12,"*",0,"*"
"Rocky Hill School District","=""1190011""","In-School Suspension",223,134,53,104,80
"Rocky Hill School District","=""1190011""","Out-of-School Suspension",57,22,22,"*","*"
"Rocky Hill School District","=""1190011""","Expulsion",0,"*","*","*",0
"Rocky Hill School District","=""1190011""","Bus Suspension",0,0,0,0,"*"
"Salem School District","=""1210011""","In-School Suspension",8,"*",8,"*","*"
"Salem School District","=""1210011""","Out-of-School Suspension",18,"*","*",11,"*"
"Salem School District","=""1210011""","Expulsion",0,0,0,0,0
"Salem School District","=""1210011""","Bus Suspension","*","*","*","*","*"
"Salisbury School District","=""1220011""","In-School Suspension",15,8,"*","*",12
"Salisbury School District","=""1220011""","Out-of-School Suspension",0,"*","*",0,0
"Salisbury School District","=""1220011""","Expulsion",0,0,0,0,0
"Salisbury School District","=""1220011""","Bus Suspension",0,"*",0,0,0
"Scotland School District","=""1230011""","In-School Suspension",7,"*",14,"*",10
"Scotland School District","=""1230011""","Out-of-School Suspension",0,"*",9,7,"*"
"Scotland School District","=""1230011""","Expulsion",0,0,0,0,0
"Scotland School District","=""1230011""","Bus Suspension",0,0,"*","*",0
"Seymour School District","=""1240011""","In-School Suspension",407,239,403,387,254
"Seymour School District","=""1240011""","Out-of-School Suspension",86,118,113,105,73
"Seymour School District","=""1240011""","Expulsion","*","*","*","*","*"
"Seymour School District","=""1240011""","Bus Suspension",0,0,"*","*",0
"Sharon School District","=""1250011""","In-School Suspension","*","*","*",8,0
"Sharon School District","=""1250011""","Out-of-School Suspension",0,0,0,"*",0
"Sharon School District","=""1250011""","Expulsion",0,0,0,0,0
"Sharon School District","=""1250011""","Bus Suspension",0,0,"*",0,0
"Shelton School District","=""1260011""","In-School Suspension",617,566,514,487,502
"Shelton School District","=""1260011""","Out-of-School Suspension",176,212,126,100,94
"Shelton School District","=""1260011""","Expulsion",8,10,"*","*","*"
"Shelton School District","=""1260011""","Bus Suspension",0,"*","*","*","*"
"Sherman School District","=""1270011""","In-School Suspension",8,"*","*",10,16
"Sherman School District","=""1270011""","Out-of-School Suspension","*",0,0,"*",0
"Sherman School District","=""1270011""","Expulsion",0,0,0,0,0
"Sherman School District","=""1270011""","Bus Suspension",0,0,0,0,0
"Side By Side Charter School District","=""2700013""","In-School Suspension","*",9,"*",6,9
"Side By Side Charter School District","=""2700013""","Out-of-School Suspension","*",10,13,"*",7
"Side By Side Charter School District","=""2700013""","Expulsion",0,0,0,0,0
"Side By Side Charter School District","=""2700013""","Bus Suspension","*",0,0,"*",0
"Simsbury School District","=""1280011""","In-School Suspension",279,153,102,101,117
"Simsbury School District","=""1280011""","Out-of-School Suspension",64,34,15,18,22
"Simsbury School District","=""1280011""","Expulsion",6,"*",0,0,"*"
"Simsbury School District","=""1280011""","Bus Suspension",0,0,0,0,0
"Somers School District","=""1290011""","In-School Suspension",205,161,88,98,106
"Somers School District","=""1290011""","Out-of-School Suspension",30,31,28,30,30
"Somers School District","=""1290011""","Expulsion",0,0,0,0,0
"Somers School District","=""1290011""","Bus Suspension",0,"*","*",0,0
"South Windsor School District","=""1320011""","In-School Suspension",255,221,191,140,185
"South Windsor School District","=""1320011""","Out-of-School Suspension",45,69,96,77,72
"South Windsor School District","=""1320011""","Expulsion",0,0,6,6,0
"South Windsor School District","=""1320011""","Bus Suspension","*",13,11,"*",9
"Southington School District","=""1310011""","In-School Suspension",351,313,258,323,276
"Southington School District","=""1310011""","Out-of-School Suspension",140,122,84,81,90
"Southington School District","=""1310011""","Expulsion",6,"*","*",10,9
"Southington School District","=""1310011""","Bus Suspension","*",0,"*",7,7
"Sprague School District","=""1330011""","In-School Suspension",54,47,46,56,36
"Sprague School District","=""1330011""","Out-of-School Suspension",12,"*",12,"*",13
"Sprague School District","=""1330011""","Expulsion",0,0,"*","*",0
"Sprague School District","=""1330011""","Bus Suspension","*","*","*","*","*"
"Stafford School District","=""1340011""","In-School Suspension",355,249,165,177,156
"Stafford School District","=""1340011""","Out-of-School Suspension",44,46,46,23,39
"Stafford School District","=""1340011""","Expulsion",7,"*","*","*",6
"Stafford School District","=""1340011""","Bus Suspension",0,0,"*","*","*"
"Stamford Academy District","=""2820013""","In-School Suspension",0,8,58,23,15
"Stamford Academy District","=""2820013""","Out-of-School Suspension","*",54,41,35,"*"
"Stamford Academy District","=""2820013""","Expulsion",0,0,0,0,0
"Stamford Academy District","=""2820013""","Bus Suspension",0,0,0,0,0
"Stamford Charter School for Excellence District","=""2960013""","In-School Suspension",0,0,0,0,"*"
"Stamford Charter School for Excellence District","=""2960013""","Out-of-School Suspension",0,0,0,0,0
"Stamford Charter School for Excellence District","=""2960013""","Expulsion",0,0,0,0,0
"Stamford Charter School for Excellence District","=""2960013""","Bus Suspension",0,0,0,0,"*"
"Stamford School District","=""1350011""","In-School Suspension",263,206,170,66,293
"Stamford School District","=""1350011""","Out-of-School Suspension",550,410,504,531,606
"Stamford School District","=""1350011""","Expulsion",49,39,34,23,29
"Stamford School District","=""1350011""","Bus Suspension",0,0,"*","*",10
"Sterling School District","=""1360011""","In-School Suspension",60,0,50,44,19
"Sterling School District","=""1360011""","Out-of-School Suspension",6,0,24,21,8
"Sterling School District","=""1360011""","Expulsion",0,0,0,0,0
"Sterling School District","=""1360011""","Bus Suspension","*",56,6,"*",12
"Stonington School District","=""1370011""","In-School Suspension",375,312,286,226,216
"Stonington School District","=""1370011""","Out-of-School Suspension",64,35,33,51,50
"Stonington School District","=""1370011""","Expulsion",0,"*","*","*","*"
"Stonington School District","=""1370011""","Bus Suspension",14,16,"*","*","*"
"Stratford School District","=""1380011""","In-School Suspension",845,1120,713,812,806
"Stratford School District","=""1380011""","Out-of-School Suspension",139,141,136,43,54
"Stratford School District","=""1380011""","Expulsion",0,0,0,0,0
"Stratford School District","=""1380011""","Bus Suspension",19,29,23,35,24
"Suffield School District","=""1390011""","In-School Suspension",265,152,144,34,316
"Suffield School District","=""1390011""","Out-of-School Suspension",58,39,33,36,50
"Suffield School District","=""1390011""","Expulsion",0,0,"*","*","*"
"Suffield School District","=""1390011""","Bus Suspension",11,"*","*",0,19
"The Bridge Academy District","=""2690013""","In-School Suspension",20,17,32,50,32
"The Bridge Academy District","=""2690013""","Out-of-School Suspension",130,108,48,52,63
"The Bridge Academy District","=""2690013""","Expulsion",10,12,8,"*","*"
"The Bridge Academy District","=""2690013""","Bus Suspension",0,"*","*",12,20
"The Gilbert School District","=""9020022""","In-School Suspension",164,241,283,454,209
"The Gilbert School District","=""9020022""","Out-of-School Suspension",86,87,101,171,62
"The Gilbert School District","=""9020022""","Expulsion",0,0,0,0,0
"The Gilbert School District","=""9020022""","Bus Suspension",0,0,0,0,0
"Thomaston School District","=""1400011""","In-School Suspension",110,80,62,85,103
"Thomaston School District","=""1400011""","Out-of-School Suspension",48,51,24,34,41
"Thomaston School District","=""1400011""","Expulsion",0,0,"*","*","*"
"Thomaston School District","=""1400011""","Bus Suspension",0,0,0,0,0
"Thompson School District","=""1410011""","In-School Suspension",134,96,54,55,94
"Thompson School District","=""1410011""","Out-of-School Suspension",100,90,63,45,110
"Thompson School District","=""1410011""","Expulsion",0,0,0,0,0
"Thompson School District","=""1410011""","Bus Suspension",15,7,10,8,0
"Tolland School District","=""1420011""","In-School Suspension",138,214,124,77,123
"Tolland School District","=""1420011""","Out-of-School Suspension",31,38,34,13,22
"Tolland School District","=""1420011""","Expulsion",8,"*","*","*",12
"Tolland School District","=""1420011""","Bus Suspension",0,"*","*",0,0
"Torrington School District","=""1430011""","In-School Suspension",841,602,571,385,514
"Torrington School District","=""1430011""","Out-of-School Suspension",388,307,271,258,241
"Torrington School District","=""1430011""","Expulsion",13,7,20,6,10
"Torrington School District","=""1430011""","Bus Suspension",23,28,24,22,31
"Trailblazers Academy District","=""2780013""","In-School Suspension","*","*",9,0,"*"
"Trailblazers Academy District","=""2780013""","Out-of-School Suspension","*","*",17,25,70
"Trailblazers Academy District","=""2780013""","Expulsion",0,0,0,0,0
"Trailblazers Academy District","=""2780013""","Bus Suspension","*",0,0,"*",0
"Trumbull School District","=""1440011""","In-School Suspension",80,97,101,82,70
"Trumbull School District","=""1440011""","Out-of-School Suspension",100,87,59,55,40
"Trumbull School District","=""1440011""","Expulsion",11,12,"*","*","*"
"Trumbull School District","=""1440011""","Bus Suspension",0,"*","*","*","*"
"Unified School District #2","=""3470015""","In-School Suspension",51,43,55,71,72
"Unified School District #2","=""3470015""","Out-of-School Suspension",57,90,127,81,100
"Unified School District #2","=""3470015""","Expulsion",0,0,0,0,0
"Unified School District #2","=""3470015""","Bus Suspension",0,0,0,0,0
"Union School District","=""1450011""","In-School Suspension",0,0,0,0,"*"
"Union School District","=""1450011""","Out-of-School Suspension",0,0,0,0,0
"Union School District","=""1450011""","Expulsion",0,0,0,0,0
"Union School District","=""1450011""","Bus Suspension",0,0,0,0,0
"Vernon School District","=""1460011""","In-School Suspension",858,1023,622,925,942
"Vernon School District","=""1460011""","Out-of-School Suspension",170,218,275,321,449
"Vernon School District","=""1460011""","Expulsion","*",0,"*","*","*"
"Vernon School District","=""1460011""","Bus Suspension",37,19,15,10,11
"Voluntown School District","=""1470011""","In-School Suspension",13,"*","*",9,"*"
"Voluntown School District","=""1470011""","Out-of-School Suspension",0,0,0,0,0
"Voluntown School District","=""1470011""","Expulsion",0,0,0,0,0
"Voluntown School District","=""1470011""","Bus Suspension",0,0,0,0,"*"
"Wallingford School District","=""1480011""","In-School Suspension",780,681,577,394,278
"Wallingford School District","=""1480011""","Out-of-School Suspension",201,213,186,148,113
"Wallingford School District","=""1480011""","Expulsion",0,"*",0,"*",6
"Wallingford School District","=""1480011""","Bus Suspension","*",41,24,19,"*"
"Waterbury School District","=""1510011""","In-School Suspension",7272,6955,7709,6577,6193
"Waterbury School District","=""1510011""","Out-of-School Suspension",6332,6148,5994,5854,6557
"Waterbury School District","=""1510011""","Expulsion",7,27,27,"*","*"
"Waterbury School District","=""1510011""","Bus Suspension",107,68,66,116,131
"Waterford School District","=""1520011""","In-School Suspension",240,256,306,309,310
"Waterford School District","=""1520011""","Out-of-School Suspension",49,59,44,33,56
"Waterford School District","=""1520011""","Expulsion","*","*","*","*","*"
"Waterford School District","=""1520011""","Bus Suspension","*","*","*","*","*"
"Watertown School District","=""1530011""","In-School Suspension",623,564,415,322,375
"Watertown School District","=""1530011""","Out-of-School Suspension",213,177,242,58,73
"Watertown School District","=""1530011""","Expulsion","*",9,11,"*",8
"Watertown School District","=""1530011""","Bus Suspension",8,13,6,"*","*"
"West Hartford School District","=""1550011""","In-School Suspension",677,500,603,554,705
"West Hartford School District","=""1550011""","Out-of-School Suspension",172,142,203,186,228
"West Hartford School District","=""1550011""","Expulsion","*","*",8,0,10
"West Hartford School District","=""1550011""","Bus Suspension",8,13,"*",9,"*"
"West Haven School District","=""1560011""","In-School Suspension",1042,1008,595,319,420
"West Haven School District","=""1560011""","Out-of-School Suspension",672,501,545,352,389
"West Haven School District","=""1560011""","Expulsion",32,21,11,8,22
"West Haven School District","=""1560011""","Bus Suspension",85,91,58,87,86
"Westbrook School District","=""1540011""","In-School Suspension",299,88,52,"*","*"
"Westbrook School District","=""1540011""","Out-of-School Suspension","*",13,8,"*","*"
"Westbrook School District","=""1540011""","Expulsion",0,"*",0,0,0
"Westbrook School District","=""1540011""","Bus Suspension",0,"*",0,0,0
"Weston School District","=""1570011""","In-School Suspension",30,50,40,27,50
"Weston School District","=""1570011""","Out-of-School Suspension","*",20,12,"*",18
"Weston School District","=""1570011""","Expulsion","*","*","*",0,"*"
"Weston School District","=""1570011""","Bus Suspension",0,0,0,0,"*"
"Westport School District","=""1580011""","In-School Suspension",90,45,106,108,85
"Westport School District","=""1580011""","Out-of-School Suspension",26,8,26,19,19
"Westport School District","=""1580011""","Expulsion","*",0,"*",0,0
"Westport School District","=""1580011""","Bus Suspension","*",0,13,"*","*"
"Wethersfield School District","=""1590011""","In-School Suspension",169,217,194,129,205
"Wethersfield School District","=""1590011""","Out-of-School Suspension",62,73,47,70,76
"Wethersfield School District","=""1590011""","Expulsion","*",0,"*","*",0
"Wethersfield School District","=""1590011""","Bus Suspension",0,0,0,"*",0
"Willington School District","=""1600011""","In-School Suspension",23,20,23,20,6
"Willington School District","=""1600011""","Out-of-School Suspension",0,7,"*","*","*"
"Willington School District","=""1600011""","Expulsion",0,0,"*",0,0
"Willington School District","=""1600011""","Bus Suspension","*",0,"*","*","*"
"Wilton School District","=""1610011""","In-School Suspension",39,19,33,60,39
"Wilton School District","=""1610011""","Out-of-School Suspension",20,29,14,18,10
"Wilton School District","=""1610011""","Expulsion","*","*",0,0,"*"
"Wilton School District","=""1610011""","Bus Suspension","*","*","*","*",0
"Winchester School District","=""1620011""","In-School Suspension",42,33,14,13,12
"Winchester School District","=""1620011""","Out-of-School Suspension",10,34,17,10,8
"Winchester School District","=""1620011""","Expulsion",0,0,0,0,0
"Winchester School District","=""1620011""","Bus Suspension",0,"*",0,0,"*"
"Windham School District","=""1630011""","In-School Suspension",1571,899,1114,729,982
"Windham School District","=""1630011""","Out-of-School Suspension",692,1107,1047,601,471
"Windham School District","=""1630011""","Expulsion",19,36,34,10,13
"Windham School District","=""1630011""","Bus Suspension",44,34,20,26,24
"Windsor Locks School District","=""1650011""","In-School Suspension",257,244,256,209,242
"Windsor Locks School District","=""1650011""","Out-of-School Suspension",87,69,67,87,70
"Windsor Locks School District","=""1650011""","Expulsion",15,8,10,11,7
"Windsor Locks School District","=""1650011""","Bus Suspension",0,8,"*","*",0
"Windsor School District","=""1640011""","In-School Suspension",930,807,882,1002,1110
"Windsor School District","=""1640011""","Out-of-School Suspension",189,177,221,171,228
"Windsor School District","=""1640011""","Expulsion",11,12,"*",8,"*"
"Windsor School District","=""1640011""","Bus Suspension",22,21,45,81,37
"Wolcott School District","=""1660011""","In-School Suspension",259,206,231,146,204
"Wolcott School District","=""1660011""","Out-of-School Suspension",78,25,54,43,38
"Wolcott School District","=""1660011""","Expulsion","*",0,"*",0,"*"
"Wolcott School District","=""1660011""","Bus Suspension",0,"*",0,"*",0
"Woodbridge School District","=""1670011""","In-School Suspension","*","*",0,0,0
"Woodbridge School District","=""1670011""","Out-of-School Suspension","*",0,"*","*","*"
"Woodbridge School District","=""1670011""","Expulsion",0,"*",0,0,0
"Woodbridge School District","=""1670011""","Bus Suspension",0,0,0,0,0
"Woodstock Academy District","=""9030022""","In-School Suspension",186,93,99,90,61
"Woodstock Academy District","=""9030022""","Out-of-School Suspension",23,9,15,35,40
"Woodstock Academy District","=""9030022""","Expulsion",9,8,8,18,9
"Woodstock Academy District","=""9030022""","Bus Suspension",0,0,0,0,0
"Woodstock School District","=""1690011""","In-School Suspension",24,22,14,24,19
"Woodstock School District","=""1690011""","Out-of-School Suspension",0,8,"*",8,"*"
"Woodstock School District","=""1690011""","Expulsion",0,0,0,0,0
"Woodstock School District","=""1690011""","Bus Suspension","*","*",0,0,"*"

